{
  "logistic_regression": {
    "accuracy": 0.8445040214477212,
    "f1_score": 0.9049180327868852,
    "roc_auc": 0.8006825938566553
  },
  "xgboost": {
    "accuracy": 0.8364611260053619,
    "f1_score": 0.9001636661211131,
    "roc_auc": 0.7980375426621161
  },
  "lightgbm": {
    "accuracy": 0.8337801608579088,
    "f1_score": 0.8980263157894738,
    "roc_auc": 0.8198378839590443
  }
}