{
  "xgboost": {
    "accuracy": 0.8682795698924731,
    "f1_score": 0.9203252032520326,
    "roc_auc": 0.809337822671156
  },
  "lightgbm": {
    "accuracy": 0.8736559139784946,
    "f1_score": 0.924315619967794,
    "roc_auc": 0.8078563411896745
  },
  "logistic_regression": {
    "accuracy": 0.8064516129032258,
    "f1_score": 0.8787878787878788,
    "roc_auc": 0.7463524130190797
  }
}